{"cameraMode":{"drawMode":0,"name":"Shaded","section":"Shading Mode"},"sceneLighting":true,"audioPlay":false,"sceneViewState":{"m_AlwaysRefresh":false,"showFog":true,"showSkybox":true,"showFlares":true,"showImageEffects":true,"showParticleSystems":true,"showVisualEffectGraphs":true,"m_FxEnabled":true},"in2DMode":false,"pivot":{"x":-1.7951288223266602,"y":-2.7423605918884279,"z":-7.215451240539551},"rotation":{"x":0.004644838161766529,"y":0.2594880759716034,"z":-0.0012482382589951158,"w":0.9657351970672607},"size":2.2488527297973635,"orthographic":false}